{
    "GSM8K": 31.2357846853677,
    "MATH": 17.053726169844023,
    "OMNI_MATH": 7.281299109481404,
    "MMMLU": 18.29787234042553,
    "KSM": 1.2605042016806722
}