{
    "GSM8K": 54.66262319939348,
    "MATH": 28.422876949740033,
    "OMNI_MATH": 11.838658983761132,
    "MMMLU": 28.510638297872344,
    "KSM": 2.661064425770308
}