{
    "GSM8K": 8.188021228203183,
    "MATH": 10.051993067590988,
    "OMNI_MATH": 4.609743321110529,
    "MMMLU": 9.574468085106384,
    "KSM": 0.49019607843137253
}