{
    "GSM8K": 41.84988627748294,
    "MATH": 27.2790294627383,
    "OMNI_MATH": 21.162912519643793,
    "MMMLU": 45.95744680851064,
    "KSM": 12.675070028011204
}