{
    "GSM8K": 68.00606520090979,
    "MATH": 44.8526863084922,
    "OMNI_MATH": 22.89156626506024,
    "MMMLU": 59.361702127659576,
    "KSM": 20.028011204481793
}