{
    "GSM8K": 63.229719484457924,
    "MATH": 39.480069324090124,
    "OMNI_MATH": 26.348873755893138,
    "MMMLU": 67.87234042553192,
    "KSM": 16.80672268907563
}