{
    "GSM8K": 83.69977255496588,
    "MATH": 56.53379549393415,
    "OMNI_MATH": 32.53012048192771,
    "MMMLU": 68.29787234042554,
    "KSM": 28.0812324929972
}