{
    "GSM8K": 91.20545868081881,
    "MATH": 74.45407279029462,
    "OMNI_MATH": 30.749083289680463,
    "MMMLU": 68.72340425531915,
    "KSM": 22.829131652661065
}