{
    "GSM8K": 87.56633813495071,
    "MATH": 70.67590987868284,
    "OMNI_MATH": 26.45364064955474,
    "MMMLU": 58.29787234042553,
    "KSM": 18.837535014005603
}