{
    "GSM8K": 91.20545868081881,
    "MATH": 74.45407279029462,
    "OMNI_MATH": 30.749083289680463,
    "MMMLU": 66.59574468085107,
    "KSM": 22.61904761904762
}