{
    "GSM8K": 87.56633813495071,
    "MATH": 70.67590987868284,
    "OMNI_MATH": 26.45364064955474,
    "MMMLU": 63.40425531914894,
    "KSM": 19.39775910364146
}