{
    "GSM8K": 81.27369219105383,
    "MATH": 53.7261698440208,
    "OMNI_MATH": 19.643792561550548,
    "MMMLU": 58.93617021276596,
    "KSM": 13.655462184873949
}