{
    "GSM8K": 77.40712661106899,
    "MATH": 53.7261698440208,
    "OMNI_MATH": 19.696176008381354,
    "MMMLU": 39.787234042553195,
    "KSM": 12.46498599439776
}