{
    "GSM8K": 57.543593631539046,
    "MATH": 31.265164644714037,
    "OMNI_MATH": 10.843373493975903,
    "MMMLU": 30.0,
    "KSM": 4.831932773109244
}