{
    "GSM8K": 6.747536012130402,
    "MATH": 8.977469670710573,
    "OMNI_MATH": 4.714510214772132,
    "MMMLU": 9.574468085106384,
    "KSM": 2.73109243697479
}