{
    "GSM8K": 29.34040940106141,
    "MATH": 18.682842287694974,
    "OMNI_MATH": 7.752750130958617,
    "MMMLU": 17.872340425531917,
    "KSM": 3.361344537815126
}