{
    "GSM8K": 0.530705079605762,
    "MATH": 1.4558058925476605,
    "OMNI_MATH": 0.3666841278156103,
    "MMMLU": 15.319148936170212,
    "KSM": 0.49019607843137253
}