{
    "GSM8K": 28.278999241849885,
    "MATH": 20.76256499133449,
    "OMNI_MATH": 8.852802514405447,
    "MMMLU": 20.425531914893615,
    "KSM": 3.7815126050420167
}