{
    "GSM8K": 63.229719484457924,
    "MATH": 39.480069324090124,
    "OMNI_MATH": 26.348873755893138,
    "MMMLU": 69.57446808510637,
    "KSM": 18.487394957983195
}