{
    "GSM8K": 31.15996967399545,
    "MATH": 21.871750433275565,
    "OMNI_MATH": 10.948140387637507,
    "MMMLU": 26.80851063829787,
    "KSM": 5.46218487394958
}