{
    "GSM8K": 66.33813495072025,
    "MATH": 53.379549393414216,
    "OMNI_MATH": 20.639078051335776,
    "MMMLU": 61.48936170212767,
    "KSM": 16.106442577030812
}