{
    "GSM8K": 57.01288855193328,
    "MATH": 38.96013864818024,
    "OMNI_MATH": 14.143530644316396,
    "MMMLU": 39.148936170212764,
    "KSM": 8.473389355742297
}