{
    "GSM8K": 71.64518574677786,
    "MATH": 54.87001733102254,
    "OMNI_MATH": 22.83918281822944,
    "MMMLU": 57.02127659574469,
    "KSM": 14.565826330532214
}