{
    "GSM8K": 90.06823351023503,
    "MATH": 72.06239168110919,
    "OMNI_MATH": 30.95861707700367,
    "MMMLU": 25.319148936170212,
    "KSM": 23.4593837535014
}