{
    "GSM8K": 58.37755875663382,
    "MATH": 47.41767764298094,
    "OMNI_MATH": 17.705605028810893,
    "MMMLU": 48.08510638297872,
    "KSM": 13.025210084033615
}