{
    "GSM8K": 71.64518574677786,
    "MATH": 54.87001733102254,
    "OMNI_MATH": 22.83918281822944,
    "MMMLU": 57.87234042553191,
    "KSM": 15.056022408963585
}