{
    "GSM8K": 65.95905989385898,
    "MATH": 49.53206239168111,
    "OMNI_MATH": 21.634363541121004,
    "MMMLU": 52.97872340425533,
    "KSM": 16.876750700280112
}