{
    "GSM8K": 90.06823351023503,
    "MATH": 72.06239168110919,
    "OMNI_MATH": 30.95861707700367,
    "MMMLU": 66.59574468085107,
    "KSM": 24.089635854341736
}