{
    "GSM8K": 68.00606520090979,
    "MATH": 44.8526863084922,
    "OMNI_MATH": 22.89156626506024,
    "MMMLU": 61.27659574468085,
    "KSM": 20.868347338935575
}