{
    "GSM8K": 41.84988627748294,
    "MATH": 27.2790294627383,
    "OMNI_MATH": 21.162912519643793,
    "MMMLU": 48.08510638297872,
    "KSM": 12.955182072829134
}