{
    "GSM8K": 66.33813495072025,
    "MATH": 53.379549393414216,
    "OMNI_MATH": 20.639078051335776,
    "MMMLU": 60.21276595744681,
    "KSM": 15.546218487394958
}