{
    "GSM8K": 83.69977255496588,
    "MATH": 56.53379549393415,
    "OMNI_MATH": 32.53012048192771,
    "MMMLU": 70.0,
    "KSM": 29.13165266106443
}