{
    "GSM8K": 1.2130401819560273,
    "MATH": 0.8665511265164645,
    "OMNI_MATH": 0.41906757464641176,
    "MMMLU": 12.553191489361701,
    "KSM": 1.050420168067227
}