{
    "GSM8K": 93.5557240333586,
    "MATH": 78.64818024263431,
    "OMNI_MATH": 31.272917757988477,
    "MMMLU": 70.2127659574468,
    "KSM": 21.218487394957982
}