{
    "GSM8K": 94.76876421531463,
    "MATH": 79.75736568457539,
    "OMNI_MATH": 33.05395495023573,
    "MMMLU": 28.510638297872344,
    "KSM": 24.159663865546218
}