{
    "GSM8K": 93.5557240333586,
    "MATH": 78.64818024263431,
    "OMNI_MATH": 31.272917757988477,
    "MMMLU": 24.893617021276597,
    "KSM": 20.658263305322127
}