{
    "GSM8K": 40.94010614101592,
    "MATH": 28.492201039861353,
    "OMNI_MATH": 10.476689366160294,
    "MMMLU": 24.680851063829788,
    "KSM": 4.551820728291316
}