{
    "GSM8K": 94.08642911296437,
    "MATH": 69.04679376083189,
    "OMNI_MATH": 25.615505500261914,
    "MMMLU": 35.319148936170215,
    "KSM": 17.22689075630252
}