{
    "GSM8K": 40.94010614101592,
    "MATH": 28.492201039861353,
    "OMNI_MATH": 10.476689366160294,
    "MMMLU": 12.127659574468085,
    "KSM": 4.341736694677871
}