{
    "GSM8K": 66.26231993934799,
    "MATH": 45.788561525129985,
    "OMNI_MATH": 15.872184389732844,
    "MMMLU": 22.76595744680851,
    "KSM": 6.862745098039216
}