{
    "GSM8K": 77.78620166793026,
    "MATH": 49.012131715771226,
    "OMNI_MATH": 15.924567836563646,
    "MMMLU": 47.02127659574468,
    "KSM": 7.212885154061624
}