{
    "GSM8K": 66.26231993934799,
    "MATH": 45.788561525129985,
    "OMNI_MATH": 15.872184389732844,
    "MMMLU": 35.1063829787234,
    "KSM": 7.002801120448179
}