{
    "GSM8K": 77.78620166793026,
    "MATH": 49.012131715771226,
    "OMNI_MATH": 15.924567836563646,
    "MMMLU": 24.04255319148936,
    "KSM": 6.932773109243698
}