{
    "GSM8K": 68.46095526914328,
    "MATH": 66.58578856152513,
    "OMNI_MATH": 27.34415924567837,
    "MMMLU": 23.617021276595747,
    "KSM": 22.408963585434176
}