{
    "GSM8K": 65.95905989385898,
    "MATH": 49.2894280762565,
    "OMNI_MATH": 17.600838135149292,
    "MMMLU": 41.91489361702128,
    "KSM": 8.96358543417367
}