{
    "GSM8K": 79.30250189537529,
    "MATH": 69.80935875216637,
    "OMNI_MATH": 27.76322682032478,
    "MMMLU": 61.702127659574465,
    "KSM": 21.1484593837535
}