{
    "GSM8K": 78.16527672479151,
    "MATH": 64.43674176776429,
    "OMNI_MATH": 26.296490309062335,
    "MMMLU": 61.91489361702127,
    "KSM": 20.238095238095237
}