{
    "GSM8K": 83.16906747536012,
    "MATH": 66.48180242634315,
    "OMNI_MATH": 23.99161864850707,
    "MMMLU": 14.468085106382977,
    "KSM": 14.495798319327733
}