{
    "GSM8K": 95.1478392721759,
    "MATH": 83.60485268630849,
    "OMNI_MATH": 37.71608171817706,
    "MMMLU": 72.12765957446808,
    "KSM": 30.392156862745097
}