{
    "GSM8K": 78.16527672479151,
    "MATH": 64.43674176776429,
    "OMNI_MATH": 26.296490309062335,
    "MMMLU": 23.19148936170213,
    "KSM": 19.677871148459385
}