{
    "GSM8K": 79.30250189537529,
    "MATH": 69.80935875216637,
    "OMNI_MATH": 27.76322682032478,
    "MMMLU": 18.93617021276596,
    "KSM": 20.658263305322127
}