{
    "GSM8K": 68.46095526914328,
    "MATH": 66.58578856152513,
    "OMNI_MATH": 27.34415924567837,
    "MMMLU": 64.04255319148936,
    "KSM": 23.03921568627451
}