{
    "GSM8K": 65.95905989385898,
    "MATH": 49.2894280762565,
    "OMNI_MATH": 17.600838135149292,
    "MMMLU": 12.340425531914894,
    "KSM": 8.823529411764707
}