{
    "GSM8K": 95.1478392721759,
    "MATH": 83.60485268630849,
    "OMNI_MATH": 37.71608171817706,
    "MMMLU": 24.680851063829788,
    "KSM": 29.551820728291318
}